{
  "project_info": {
    "project_number": "820348627763",
    "project_id": "the-shopsmart-ebe5c",
    "storage_bucket": "the-shopsmart-ebe5c.firebasestorage.app"
  },
  "client": [
    {
      "client_info": {
        "mobilesdk_app_id": "1:820348627763:android:7418c76afc11193f09ac46",
        "android_client_info": {
          "package_name": "com.yuvrajsinghgmx.shopsmart"
        }
      },
      "oauth_client": [
        {
          "client_id": "820348627763-4ugehf307f43cbjmqsljrgofei5t07pp.apps.googleusercontent.com",
          "client_type": 1,
          "android_info": {
            "package_name": "com.yuvrajsinghgmx.shopsmart",
            "certificate_hash": "2eea2eb0457447da2a073427f398f9bae81fcf97"
          }
        },
        {
          "client_id": "820348627763-2j1o99elblpkt6sn9764sl8hhfee1qcm.apps.googleusercontent.com",
          "client_type": 3
        }
      ],
      "api_key": [
        {
          "current_key": "AIzaSyDIQs7YwV3wGZTW4pYqBSgN7XYY46ydYts"
        }
      ],
      "services": {
        "appinvite_service": {
          "other_platform_oauth_client": [
            {
              "client_id": "820348627763-2j1o99elblpkt6sn9764sl8hhfee1qcm.apps.googleusercontent.com",
              "client_type": 3
            }
          ]
        }
      }
    }
  ],
  "configuration_version": "1"
}